appointment_id,parrs_appt_id,cadence_appt_id,cadence_appt_type,region_code,mrn,mrn_prefix,facility_code,clinic_code,clinic_name,admin_dept_code,sub_dept_code,appt_datetime,appt_begin_datetime,appt_day,appt_duration,appt_duration_unit,booking_method_code,activity_code,availability_code,booked_by_racf_id,appt_type_code,epic_visit_type_code,booking_guideline_id,appt_resource_id,resource_type_code,ref_resource_id,member_class_code,secure_code,appt_status_code,appt_reason_desc,appt_cancel_timestamp,appt_cancellation_code,appt_cancel_reason_desc,appt_routing_address,referring_fac_code,patient_facility_code,patient_sub_dept_code,reminder_pref_code,xray_request_flag,chart_request_flag,medical_record_flag,explicitly_linked_flag,implicitly_linked_flag,send_confirm_notice_flag,schedulable_flag,reschedulable_flag,cancellable_flag,inquirable_flag,note,instructions,source_queue_id,sending_application,receiving_application,message_datetime,message_type_code,create_timestamp,update_timestamp,entry_date,entry_time,create_id,update_id,created_by,updated_by,event_datetime
1,"CAUDGGMCSSTKTWPOPWWSQJWBPRUVRELHKAVBURNUFKMROBMQLIEKBPJVDXYFVKBIGHMRLXDWHIBDXPNAUSUDDXNBQFDLJYADIXPIPCSPMQOIFNXSETEIGIWBYFAXVYXPYQGMUWHMCCBBRSUEYEKLYDRTMBPOMBGRFHWUBCNGVPAQNOCVYYXMRNSDVOWSHPFOWPUWUQAVDLPTUIWXYCHOHKRJOIVYYTJGNURBOVCCXPUXACWCJRBAFPOXEY","PKXBPNYSIRSOLHMDNOWKEJGSAALKTVUECVVOBDLBUQVDUYNEBU","FPJCGASPTH","JPUNRASXDXTGJFNMEBFUPBIFWWVISRUULHMPPMOOSYDJIFABCU","OKWWRYMLLD","HH","VFJ","XIO","FWWKHYQVOCSYWNEKJVNQASTJGBRVYTHYLFOMIUFKDTGLMPDPFPGVPLYXHEYJXTIJOGDPUFBHTUTLYBRNLJRSVWDQDDHKESETRFNG","KDE","NEFI",2014-09-30T14:48:35.347-07:00,2014-09-30T14:48:35.348-07:00,"KJK","MVIBTNNQPFYXQOWYXFCPOEPNLFYSVYLYFJESMWONDPSXIXHSXX","OTVDNOREDAWGDDCMKWJKQYJRFUQNJJPTEKXBVGUGUQVQKKIMPJ","SFGIJRFACC","WUNKHMBKOS","OHBSCCXYNP","UEJTTPKAFQQAYMWKWLFWSDMGWBRKWOHSOTMBOPCRJVBNGFPCIY","CFEJMTIIBE","MGOWYENWFI","URFIYMPBXSXHFPRAVVLDNGBEU","PSOMEOTVVBFYEWVLFQDWKCXAOQCDTKIDVDMRTRANJLYWBARTUI","P","SCWAURKMACUSWSCXHJXEGEOPOTODDULKVDLROSFUPDSULFWKXG","L","IGNQM","TPDMN","INHKWSWWRBBFDJOOEMHQKKAVVNONGQXALLIXAKMHXKOGGXOWFT",2014-09-30T14:48:35.348-07:00,"H","BBCCMUCSYPVCSYWWVDGWLCARHLWONDBUQXETXGXNVAOCSTVAJD","ESFTXCMKCQUJNYWGQRVQFSCYKOBJQBVDPDQMIEOQJCCGTHGNNKLOAIPWVWHDOLWAJCVLUPYJLJCGBUBVOQVBHNXEAVOKWMMCPPDO","CVL","IXF","PDUC","J","D","W","S","T","S","S","S","W","N","V","VMCDMDFVRJSGWGXQMJFWSIQRMLOMARYPABIHRLBRHTJIQAOYFQTVSFEFJDXYDFMMBPGBDIJINOTRGXVLVATETAJDPEEHAFMTQXVT","CAMAHCCHGFWNDIBWMMQWKDSOACKVOBLMYHUMBNYBUJLRXCFAAFVLHGYLROGDINKPYABPADAVTTYDBOEKVXNOJBPIQYFRWPNSIETV","FXKSICWJOCCNOFFQADGWTVQCQYOANTFPOJTOYSJYOFHULCXTPSUXKBFLHEFAKNMIDVSXHHILVSXHHGRVYNJFHQNBOSPEUFJABRHUCOVNKHMDELXOLQCCAHOHGKFQGEULJFBXUFKNJXJHUYIQQNELFPMOCFGBOWFKXECGWHAKQPVKHSPNSLJNBXBGRCBFTBXYFVFQGPIGONGFYQJXFUHEJDHAFIPBKKLHYOKGCYYFKMMVOUMFMTWBPPNNTJ","TLDJGYGHDKJIJBVYWWGLBSEOI","URTMAGKFVUOFTICIAOORLYKKP",2014-09-30T14:48:35.349-07:00,"MXTDGJTIICBQDIARJBPJSKFUCTFSMPGYGCB",2014-09-30T14:48:35.349-07:00,2014-09-30T14:48:35.349-07:00,2014-09-30T14:48:35.349-07:00,2014-09-30T14:48:35.349-07:00,"NUPMAEHRGQLKNVHPKVGBKTKUCNAMDBWXJUJIEWHBATIQJSCMET","WRUCEWYNHJUQFLCPLVNONWSMDSFJVVQYBUBPNSXMMIUBCBFAUW","OWTLWKEXRMFYBWRHFKNSUAPIY","WBADXGJBVTIRMUHQYGSJHLBUR",2014-09-30T14:48:35.349-07:00
2,"KCCCTIVLIADURJLNXAEKRJJPWLHJMDCQIYUIWMAKWTYKBWYUTHOGEVMXAHNCDDCHRCMICSPXOBKLOEVPMFBOEQUTERVQYVVQWQNEHPHCOAYMWDVIQEDCQPYDVCDDILHYDBTIKNCJUEPVPBYOYYWTMKBPQPXROERNAKKYISJMFPQWMSXIJITCDAIEGCABCQIMANVTUFHYPCWTXKDGODCOUMCVLTRJNBYLBHQUVFIGPPWGRMXPIDDOSNMFCI","LHMWVRDYLBRBWCEHFJGWVWBEXOLIVWTQVTPNKMBLQWSFQJOASQ","KTNXATHFER","YCIWXNBTRACCLKUWGQWPHWOIUBXGEGAPFKNLPWKKBNMDXSAQNV","YMCQUITDPE","DW","SSJ","CUE","KKEWHSRTKRVETXHPJIHEWPIGVEYLCJFFIMARUEKOADHRMMKMIOXSHDMCXJLQVFTHKGNDYHBIIFNUBBSNUSRRAGFYGEPSMPWSVWBR","XPF","GFLA",2014-09-30T14:48:35.349-07:00,2014-09-30T14:48:35.349-07:00,"UUY","COAKKSGKYUOCAPAWJDAFBEMFOGSSUGNVDIAFDIQCAQYBCBYGHS","KIKWVIWNQYCXJNTKPPACBAOKTWLMBBUQDRXCKFSNLTDIFPBOCM","HXGXDSSEDO","XFFPWGQWWF","QPHXNURUSU","QLYSIPHHXKRUEGJLOJLVHLSPIAXMOEAVNVRAQQPFJBYMNYBNIN","NXPQFYTWRC","DVDCESXPKW","HIHBXKLISHBBJPKTYMDNKFKWS","LSLWYWSBWYREVFEELTGBPRIQWEOASURLYTWBBIMHXSOUUASABK","J","OIUIFNMWHRHRMFMASQIPGJQPMVDOGEHSISLRIKHJJVKJLQMFBG","J","HRRFI","MGMGT","LUEHJBFACTRPGUIGIUIVERYKLNVYSYRQESDVHQNUSEROMQDCGI",2014-09-30T14:48:35.350-07:00,"L","JXAVJLQRMIDDPVNLENESOTITQLCHKTEKSRBMNDSEOWALFNUQBJ","WJDTJRYDGONPHEDTRREKTXNBGXYYLTLEOPIFLIEEPEHEGUGAPBRAPACHOUXNPDLAPJHBPUAQLAKMKRHAJUQMMITQPQLHYCBKXYVT","DKO","LUM","GNKT","Y","T","I","V","K","C","E","Q","D","X","T","XGSQEJXECTLXTJURDQSUVKVQJLCTSSCUQSNACDDANFSLGSKOEDUSPGXFNGJKEWMNLOQUVGVCLBFIBYDRCNMKMGDEIFHPLTNFMBNL","ESFQTICLBMNVBPQLVRITVQVLLEDXJLOATFCMKREEQENKTWBMSHSPCPGHBSNXDFRVWOARGXBTVIBSRIKBVQCYUUOYQCWEVLJDTHKO","ENONYECQOWGABGBJGUVGESHLSTLVPVURXYPGSRNLSBEPHCRGKPEKXBFQUWRDXDDDRNNMBVSDDGMWDUVIEFVIMLINTBWJAHOYIWCROSJAYJCTMLHKIHOLJKPYTAAJICYAWLKVVAYFLGSCRVJWRKNNGDEEARQEDWWLFKQOVICOEMXMNJGUNJSAQAJDPNIBDCSNJJYJIXJCLLSQDMCCVBYJPXTEIFTONNBOHOBLDRYHNALRLRVCPQEUJAWPEC","LRIQPJWDTJSYSAYOHGREGYJYU","QPUPJUQCIDNHFCVWBIULYQOLA",2014-09-30T14:48:35.350-07:00,"CWFURVSRTSNIWMXDQTQAFROTXBKAPHBOHMJ",2014-09-30T14:48:35.350-07:00,2014-09-30T14:48:35.350-07:00,2014-09-30T14:48:35.350-07:00,2014-09-30T14:48:35.350-07:00,"JSYDUBRYXUOKQASYHSQGQFAKNOXSMILEOVMLOJDETVGWJITYND","WJXFVHCOLVGVWKBCLIQISOROJWLSPOHUGQSWNAMXNRLHDNWIUA","DJKKFKADMHMQIMLAWVSEIQKAW","STCGWYMOYIVNWWAMDOCKADYUG",2014-09-30T14:48:35.351-07:00
3,"PWGBKMEADRRDNHAIMRPOQJISWHILDDSBDAXOEWQQMRWPAPSAKYRFIFGBDWEWHLFHXQTFSUOESMNLWMUPKRVIIPPEFGGAHAHPXWTUONXMTSQJBEVFFLGKWQGRYFNWHYGWOLSFWPTRISKTDKYHLMMSDAOIAPSQIDCHXKJHHPPSEVMPANGJURAEFADQJWOCQDNXTDOKBCOWROEYTKMHSFJEEVXVRRGXINDXODDFRJRYXYRLWRGSYSJMEEWADW","UOUWFSKFYUEOXSSICTDVMGNEFVJLTLEHPBCQMTJHMEEFSFAVLF","DVWDJEEDNX","OOCGJASFRVCYOWMNEEJIICFTNVUVBOJQLQUOTCHIBSCNJUWHIW","LTQWTYXUTD","OX","RVV","CRI","TRSNQASYBINAHFWVKTTCAVDLWFSADKHOEUGNUEWJERYTRUWYSXKGGWCUTTDAVFCUXNCHDDHMXGWXWLLJQKALCXRGKVFPCUXOAFYX","NRF","OYCM",2014-09-30T14:48:35.351-07:00,2014-09-30T14:48:35.351-07:00,"JVD","KFFFFGPONRXOFPLMOEVIURUGPGTKXTEDGBHPGOIEYKJMNFKVCY","WBXHNVOCQAMVOGSGWWFQTTPVVUSQDXAHQUIBFJBKRCJOVIBUAJ","DSXRAMGILE","RHRRKEOMEO","AIPVCOLKAH","EDJNLYRNWIXBOXFDRYENTOMMBJOLAQFUHPEFXYSAVWGPASKRHI","PAGGQKCOMH","QTKVBVLWTE","LFCOODCAVTVOYHCVQOLBUYWUA","ILMUHPWIBSRFCYKPNJPMEADCKHDSRHGKSYXOUPKNXKYAIGVTGA","F","QQWCJVSWOPHQJROWBVSRSXHUCYGCCGPWBTFHARYPKEYYVCFOQM","K","BPCAT","WVUMD","DSSUCVUVBYYPUPPOXLTPYQJWQMUIWPSKLORVPEYOPWAVXCSWPE",2014-09-30T14:48:35.352-07:00,"J","CRRXGDBCLYYAUHCLTJRTTXCEPXOUEHQQHSHEBOFKMLWWIAEBPW","HRCMXDXJRPEGSMPKFAFHGRLVGOGJQNUJKYWSLUESSKUQTCJSIJOUMCBRNAYHLAUHINGCIFLDKHVOHPLDFKOTVIYFRMSSGCTLUJUR","GKD","WMY","QOAP","B","W","U","S","U","L","E","A","A","C","W","WCOYIBJYGWJAGQWRTRHHPEDHWXLTKMNDGWQDULGBJUHQHGDPLEOODMYEXQDHOJBQTIFKLPHLJLKNJXAOQBDBBHHOFMKSEHXYBNML","WUXGFKCVUPRBPRSMDNVMMWSEDNEXIXSNWVFKWHROWGBMXATUYRCJBUHYKNUSIAVQLJYQJJRVMXVVLINUDSFHWVRHBFWEJWLMYQPX","UKJWEOOVFLXCVJNBYSRESFXUNFSXAXPOADBMKDXJXWKEKAYBRGDLCWDTUPIVBDOQQUKPMLQHPCOSHGXDEPFBLSQQSDTIOOQRLAPPKWDVBOXMYMWINEXAEBEIMKCQHMGYTBTPVAIJPLMNYFAYJEHOJNGACLYPTXMLPKGQNULEITALGOVIEBNWFPICFJDQDMADHTWKXMSUJCUBKYVOLFYLETBXUPPGSNFRPALTSYMKLYJUOPWUSVNKUJYEKV","CVUXUCMBKOQUXJSQOLCBPSIVA","EYFQWNYMWPWALUKWTFVGGMSQE",2014-09-30T14:48:35.352-07:00,"ERYULFHQAKDXFUFOAPHXWJVAKOKYPVKCPUR",2014-09-30T14:48:35.352-07:00,2014-09-30T14:48:35.352-07:00,2014-09-30T14:48:35.352-07:00,2014-09-30T14:48:35.352-07:00,"BCRBNJFPWXXWANOIMVQWFPVILEWVGBUEQDBJNXNPMGXVXJWMQN","INUPNWECMRNDENSGYIDWJTUPLJANSAGJJOCQMFDAFHRHBALBIH","UQNMBOXOVTWYIHVCVUKPAIQJC","HORGDMSFJCPVLONNYGRDGDBDS",2014-09-30T14:48:35.352-07:00
4,"RVBTLGIHJOAXGCWVVLAIWAAGYUPNICVKGKFIPIRIXNSHWGLEIMOLMBLNRYLJLAGWBWQPSBTLOMRDUSMJRSXEMXPKOKDBIBMLBVSPFCQLEMJQYLEEJTHFXBMEWLFNPAFTIWPDALADOKIQCAKHUVUNGRHSANWVWXRKELDHMCKXOLLUJIOQXELRARDQABHQBXTWFGPCXMYTHERIQTHJGHWWVOVKWNVIFATQAJHCDJJERIGTAJYPTXQTUYUJRS","SGJUFQIVBLVQQMJTMTTVHASOPONPBXLXDNXJVENDUOFHOVSSHQ","IEQJFDBWCI","GIKQVAIWIJUAXIPAEHYMIMDOVSFWBKYHQJCPMOVUVQLILJNLLK","GTBMBGHKBX","AS","AHF","WNI","HBYAWPCFNXWQAYTQAYTYQANBNEXOTWFVYIJLNKLYNLNARWWBMHMHHCSUPVWEHETPPLWVADWJVBUBMOOAYSBUBDFFOSOWCPSBYDUO","FSA","IPUK",2014-09-30T14:48:35.353-07:00,2014-09-30T14:48:35.353-07:00,"NDE","ISTORIGQSOIFSNAMBSYXXEYBSNWVXQIBPMQJEHVRDUTSGXPATU","YTJBMPKKXRBUACCHKLQGCAMEVVCDMOILOUPLFTBEWCWKGKTDHR","OCKNQEJNJJ","JGCGSPAKVM","XSTKLLLUQQ","BBFBOINCITMHKSAXQYGKEJNFLDJSMHXNCVJFBHQUUFJFUCJKUA","MHIHUQALHJ","KWJVEBJEFB","BTEDMSEKYDXROKKMJQTIRRFNN","KKGLUSJWRRIRJUAYNEGQKJDHNRRKALHCGLOJUOAKKUFCHFGBHQ","X","GVONOKDIVUXATRHPMNFITJKSVMEGACFTRYKFORMXNNNSOICWWK","C","ESPWW","NDRMV","OQXFNAOGQVGGPKTXTQFHBKWFSNWAFYSJQMTFORWWLAKULHUFLA",2014-09-30T14:48:35.353-07:00,"K","TWASANIMWAJBSUMHQSHDXTNCNOUANLKAHSDQMDVUKTVJOODUGW","YWPRKHFAVDLDPOVVNHKWRACLQKXSDXLOLCUKQSIWKPHQBIAIGNNIKLUUUPQUBIVHUEJLCKKDGJUWAINHUNVOUFXPMXUVFBMRVCBG","DNF","GBM","PSVL","G","O","B","V","J","P","U","U","S","V","V","EPAPAVUBSOIVITGPWVTEGAKVJUOMYLYVINNFBRTENUONFFKODUSDCPKXXERSGMGOMOPYLAKUDGQKKSTPGJYQJNKFUCOBAJTITJDV","JMOBQFTDLEGKXTOLDRESUKOKTRDOBQRHWUGTDHICRQILXPEUPPQAAJRUMRXJAXETRVXUPRNGARMIPSXEESKOUKPPUROTJGQOGUVG","SEEGXTTFAWSXGSAOHSGFSOJPMNCIPVWHRDJPWFILPGUKTTIJOJTIHESJWKXRCCJLMGDNYOIJVQQHFVBLCPRLRQBNIAMETOGXLPRLQLHHOATVRCSJPLKASHSQJLEFDYQVENYWXNJVXGKCDPUYTWVKSEKKWQGWURXWJVQQWEXTWRMITLXOANCBNJVYMLQJEJRFTHYIGLTCAEXMBYOKYPLXFOUEGONSDCUSTOBBEPXHPNPXVXDVHDXUSGPXJM","JSSBRTCCOCSIMVKQMQIWQPEKY","KFVSOTROJXKQMXRAFLKLUKWTP",2014-09-30T14:48:35.354-07:00,"LSHUADGLUUTIDKOSMUBQEARMMNBYFQSYNBL",2014-09-30T14:48:35.354-07:00,2014-09-30T14:48:35.354-07:00,2014-09-30T14:48:35.354-07:00,2014-09-30T14:48:35.354-07:00,"RXXGYXSUNMEEMMMWLINBKIKCPWILWXXLYMDYVPCITFGTWLFGRG","NTGUTFAFHLYADXKWIJDQAYPDRPJKLBPNHXIKHQKRSQULQLXSXH","OJGXYLMNGBNGHMSGXNJHBKRPJ","YFXINVFMAIUMSLLOHMGWJHMAE",2014-09-30T14:48:35.354-07:00
5,"SCOJJLYLRGHVRRELMKCYOHAOJHREAXMQXTOTGJCGFPWGMPDAXHBPNXACELWDYJJVBVCFLARBLETESAUHAGRGOWPFPTFEJVVOXCBTOULYVMOMWKNHJLFUYWAKUHDNRDWCQGFGXXKYVTNIMQQFTORIQWOWNVMDQAXHGQDKNACQXCGOMEDAXCYNINLPOCMYLYPPSMXKSAFOGTSWIDXMQFYMHTLNUBRYWPCRUSSHSCAQJCFQTRNLUFBEKJCBBT","WPSRQGYIUBFDOAHQGIOHOUMNAUAMTTNEMBDEHQUWIVYSPJIVCQ","MBROHYUSYX","OYXYJEFJUKOAAYHOMJQDGEHOIWPVPNMGYODUNXUMYWVKOSFMBV","LKPRODEQVB","MB","NGT","PVS","EOLPYXSPGJCETPFUNJKNIPEMKARRDKHETCMCIVCCBMPRPOTIIGLOWBMPOJYRYRHRJLFUXYVOBXRJHONVLOJAMHQFJSLCHYJXAWAY","WFV","NBFP",2014-09-30T14:48:35.355-07:00,2014-09-30T14:48:35.355-07:00,"FQO","DKMVMJNNQJECJVTDVXBVFUTRCOEMJQMIBKFFGHNMMLAGURXHSQ","YNFXVIJOHLJMVUASDUJMOKXEPMNJNCSCGWEXIWCEQADLLBWFTR","LVUAIFJPWG","FTNSWTVTQQ","CDTLFLPGUJ","LDCXIPOSJDDPPUWEVAKPCXFSRONNJYQKUYWSKLFVDPRYUNXVAT","IEOKMPLGMJ","FXCBYMVGBV","JSDMSJYPWMOETOQJWBIHUDQTJ","RHJMVHPSVUAEHSRSDNVEACAOFCAXWQGGJKKTLKTHONYJLIAWTY","R","CKCWSJOXHCKKIHUWUTEUUABGKLJBDIGVNHJOGRCXKDRFJKEXQL","X","VWPYV","KWGGG","YIRJRNWFSWPWYPKYPNSWHOEDJNSFQMJNXDDSPTJCVBQKCDUSNL",2014-09-30T14:48:35.355-07:00,"Y","VDREPGQOBAGSCILXIPGHOKPODKROUILFHGCIFTDUMTVDWPHJYX","KLAAPGUFQPFIAWNYDPUIOAJHGOQLBEJCMJJAUFRIGJFOAADCAKHUGQRULBNFHLNPNEMQJQETXQCMBWRUJYXTEEQAHXCYGWAJNKUL","JFX","RYX","LBWR","N","J","J","V","T","F","U","Q","M","G","K","ICHLMTCYOIOLKRHNYXKXLLLXKWKKRMKHKGSYRCFENYDAWQIOCJVKKETUHYDPBASOMTVWGWLSAGEKFNWJCSIXABROQYMJWYQORQPH","LFLELFGEUEMGMIBIWNLIKKKBHJIWBAVPJMRQMKWWWQBFYYXMFJRJOHIRTJAUWSTBGUBTCHMGYDPWNEFXTIRCABLOWGEALSJEIGYI","MBVOOWMJRUJMQMEAVWAUXOUEXFCJJUXSUYNMPDAHRYXEPDCNNBWTPFJICIBIPXSJBSPPXMCYIHXLYLPSIVCLSCTRXFXWVFXEMASAFYHQKERYMNPALHTQGMWBVKPPMMLARLAWKMFSYGDEOFMLELBDTONKCOCNYFISRSAQAXMWBXCSXLCRSBHLBUEQGFDODKKPRQPIDQVOIOAWJKUDTTECMPDEKFQKWTCBLHVONHLSJQQEFCWLTMSBLRCLMG","BOVEDCQFGTISNUMOSMOGTLEDC","JNRYMXCKVLNTWAWJKDKNDGJKS",2014-09-30T14:48:35.355-07:00,"QOOWLJJWGDRXPNNLTOADXUQYHGHCYNVCYBU",2014-09-30T14:48:35.355-07:00,2014-09-30T14:48:35.355-07:00,2014-09-30T14:48:35.355-07:00,2014-09-30T14:48:35.355-07:00,"FDAMPWIYDNVEQNKAEDFXDVKIMRVMDVCSTEUJQPTUDTJTNAYEOH","LSCUCHSKJIFRRWNDVMVIPDKSTLMVQQUTMIGPGIGHLIXRRJKXOS","MBUMGTOVRWVOPJYGTBYKOMLJY","BRPOJJUMRWLNFDPJEHRCVICUY",2014-09-30T14:48:35.356-07:00
6,"HVRYXCKDEPAMPDYRXUPNKIWOJIJFCMIVGLRLAIWHJXCPNWHTPWTQIPFNITPQKMGWGDSHFLRMFUCYIUAYDYYCOEACWRSMELJBFQEJWISHCOKGEXELEWNCNKXHYQHMDDPCENRESKSTTLUSLOUBEOVBAINCKBJNQSUDDGSQANYSEHCKSFXACMGRFHPBCJKFAEMMDFIIRELXTIGPRLAOWBSMIKAUJIOKURVFFKKBHJCNMBWQUIMDMNJMHKBCLX","IEXMWIAMHHMLWVEFVDEAEPUVFMKNDVTYIPBHCJAONEUXIRDIAV","XVNVFTNPPK","AESEBYAXPBQPEEBBJWMFSEYVPJPTOWPWIVGVHNQMVIBUATDKKO","WKYYIYKDSK","LA","ROE","XDR","DCVUULFTECHPBXKQFHFQPGMOVETOFUXUXDISAMMCPECKEYIKYQOQGVEFUPQQAMMTJYSWNCSJXAMBURWUWVAFPUQOTPYDPKULIXYO","GBP","LVGC",2014-09-30T14:48:35.356-07:00,2014-09-30T14:48:35.356-07:00,"AUO","VXXNXIOBJDPDTWOFXCLGABBTBULEOINSOIFVJEGAATOSAPDDFL","DGLXXGPDSHMMJMAOGOWOIOGYYCLATIHTBAPCTYPISNOUBCQYUW","EWSAHMDKAW","WFOISEICXJ","XMOVBPUVRE","PSVURGHTTQOCFFKBSHSHGDKMOLUYDFQNXRAMSOQHRVJLBHSEYK","NXJFXCKHAN","QCVEOQNXEW","AHPVWOYJSLWWCOEIPEHMUYQCH","YJTIUMJLPUEDKAMNFNKFGEVVEWYESAPJKQHFXGADGSABHVVWDI","G","FDOKWTYMYJXTRLOEDAHGDRPETXLTPFNGJSIFQLESYYEAPYTPWL","L","QXSRF","DJAXX","NUYTBLNPGVNKNGPUHFSBRHTFIAACBMMGMRWNGCAMWIFYTQAVWB",2014-09-30T14:48:35.356-07:00,"W","NUDEGWECMFINKJFSWBGOETAMECNYWVFMITYULTJTLFGTUYJXRJ","JVMVXWERWINULVVDHEAOHRLJVEBGUDKTPSQGMIPCVFUPQYQJPXPLAMNJTNOPLUWUSODUQUGSESBXWCHJXYANSJFUGCRWNCJXMKQE","BXX","XDG","PGKV","Y","T","J","G","M","W","E","L","Q","G","H","DQCHPQJVJYNVPOKFBKNMIHUCRMTAXGEHJPUCFCGWIHAVTKFRJRKFYWCVSWCCENJEOEITIQTTTBTVWIULCTTVUJSTAGXKLQTKCGDG","AQPKIWKHYMQMTLXMCEOGNOEWYERSDHGLTKSFHCITVTVLPHNNGPFXOWAOGBNXKSNHRCMUFSLUMXYKRNUFWVYPIHEFRFFYJFDGHGKW","WDBBACOYIUDIWDLWLWYBVNWNNVDTKYLEYGINHKBAPHXNRYDYRQWTOQSUKETNHUSIUALSCXYOACAXVIQYKFEGYAUFYSJFJGUCGPGNDGMAIFKBQYCNVGOJKDVHUPKGYQBVGIFKAXRSFDIGXAWUXYCWECMVSWTDCAKIRNAYYTUWUJMIJGRVBOXTYNAFNAWTBRSHTPHMJRRMKEFPIPAOUDMUMFYKAOXGBPCCLIQNOUKIHRHFRCYQKRRYGFCQFE","XUQBLLNFVXRBMMWWXTXGHLFJM","KKUHGVXHYEYCEILIVEPYCULFS",2014-09-30T14:48:35.357-07:00,"AWMMWTQMEGESYVBUDYYIFPHJTQUFXOVDKAH",2014-09-30T14:48:35.357-07:00,2014-09-30T14:48:35.357-07:00,2014-09-30T14:48:35.357-07:00,2014-09-30T14:48:35.357-07:00,"EEQVQVNGFPSFDWWDLBSPHEVCFLRNJTSUGLOJWKWDKBIXECKMLK","NPKYBFPPIKQNHTFTEMNEQLKASLUTLVOFBMWELYEBRQOKTQEHTV","HDYWCVAFDXOLFRALKQUJLTELG","UQIINPEQYGHSAGLFLFTNHWYFI",2014-09-30T14:48:35.357-07:00
7,"ITTICDKKSVYGOQRLWXKCRTYTCLXRARQJNJGVDGOIJMWINYHFFABXDWWCSBSTQVBDQJFATIEFAXSUYIHMMNTXJBRTKOEKMSGDEDCMNIICHIFJKXNWCIVEEUFMNJANGBAQBBGDTVPPTLSYPRFRXFIJMSIWHFFKNAMAWVLQHTLBIIXSYLOMQXOEGGJGUKCKYSQMJWOLCGVLSOSORYOXXINDDKPBODBTDGRFOUEGJMYHJVSGJXRFNVFQXLUOJA","QLJSJETHFEUBKQAYAEDKGRVYSALADCPPSLWMWJJODXCNHCRWHN","GNLSOYLYJD","HTIMLMCGRPWXEVQYCWHBOYJJXHHOAMGQIQNDXLGPWCQKXSBIJE","AXWFJHHHSL","SR","YYI","AYA","LKSRKTXWJAINTRRLABHOWCOSDSWGNLTXPUNPYBHKERJSPRRXVHKFWMNIDEHFXQPQJUQEOPFNQWFHHDNDIHMSGUFXLEEVPECKAXEI","GQG","FTHC",2014-09-30T14:48:35.357-07:00,2014-09-30T14:48:35.357-07:00,"LHO","DWRPKDINLRXLROTXJXNYVFPSFBYBBBEYKFJPVIONNYQWQPOHUV","DSQLWSSXIQQKFIQTVTYEGUVMGHFAHBXTWVUOCCLDGIIERCJFDR","VOOUFDTTEE","WFDRTSQRFP","EWJMBMGPRN","VVJKXAKUKNGUYNOETTGWOMHGRKSMQBGGIJGCVHGLYEOLARLFGE","HGFTEITGWP","IYJHRJWCTA","LGKVRBTHOBMXHYFDXNYRJMFFG","QYFGSAONQPVBAWWEETMYWCUETAOOCLEJBNSCRADDPHBAYWLMYY","L","SFSJAERSRTSJOKXCQKULXAKRVCMMKWDDNJTDAEMWRKPGCVMLTX","I","OLDSL","VRPLO","BPBOQCVWHJLVSSUHHTXFYMYJRQWOTBUFKFWNOKTJEYFQISVWTT",2014-09-30T14:48:35.357-07:00,"M","PBRTBGKGGSCACHSJEXOSHFTINBPILNESDVCETVQLBXCKHMBUGA","YJWVWVJFOCPQIJRLWCUOILQJWLGCJLUXCQDGHMAYVRVGTRCWTOYYKBKMHQSJKBOMXTFSONHYVWFMBCUXDVSASLNCRUCHCESINNLB","CFQ","DIV","FKOH","U","N","O","A","B","V","L","F","B","R","L","FEFMDLGJYVFPPGSUUGFIJMCANLPWGLWJLQONNWRBHKNCBIQOSXUADEVLERHKYBXPMTUFVQRKCCSETXWPTDHAYETVFMIHQMQHRVNR","FYMJEYHYVSYQFDFWHLHYOYRWOLVRDPUDUENLUELOEDEDKDLODPQMVMJGGLQOAKJWWSKBPABLIFISWKLBAXOQWRSBNAYFUHKYICGF","NALEEOFMCSJPTAWFLFBJPDOIENNUQSPXJWMACIVFYBKRDAGJXYKILVCIGDAYXRRVHJSAPDNTDSFFRLOAGFQBMQGKRYREPCUALOTRVINJGQDJOJYVNOFEYXAPFPOUUVQUWNFFTGYHSJFFEKNJQOEMPPVQVPOLBKIIVLBBTNMMWMYQDQSYJSLSEDEPQUYEXLRFSRLXXASWJVOUQAEHGVVBXUIGFIGEVROULGYONQQOHYNGWKEEWDJLCMGAMC","XDLOIKSIHECXVRTVUUTLEOJQO","QATPEOAQKGVFWHRPLULRBGXQL",2014-09-30T14:48:35.358-07:00,"LLXFYCHDCHSLWQHVJFQOTTCNATIKIMUXFQV",2014-09-30T14:48:35.358-07:00,2014-09-30T14:48:35.358-07:00,2014-09-30T14:48:35.358-07:00,2014-09-30T14:48:35.358-07:00,"KAHJCSSIUQURLSGQMQRTTFLMWJMWXCJBBHLFDVPRPYWRMHTSHC","XJGGXGPNAYPVYVNHUTTIPUSYVJKBPLQEAOUTROKKTACRUEVQJO","OHEGLCNQAUACBNUNTDJFMEFFT","PEMMYOICFHOXCCLGCTIKPEANU",2014-09-30T14:48:35.358-07:00
8,"JKDVDMGSJNTQULKKLCPUFUTUXTTTHSWKCQEGIRSCYSKBVEUEUSOITIVOREPGKXLTWMHVBLPPLXCVYICANOXQGUOKINJWTDFBARTKUCKQUBWXCDGYCOQNDSIJEPWXOEYTHXLIXQOEJOBWAPCOMQIKBJDXKFHOHUFAIXTSTNUQIUFDYVPKNKNNAOLBYVUYTEBGWCOOENOJKLOIELULWBJCQFXWEKFDABDMDCODVFXUQGPIUOEHBJDLSJHFYA","RHNXWEUSJJBSVQJSMXLLHFNQBQLCDYJQJLGIPYUVBMUVCSKDFO","SYCSRRCVDS","RVXDKNMFFCFWDOMITUADKIIBMTQEVNRBFJAAGTDAPTNRRKJULP","DMQUBLPFHC","BA","DIR","UPV","VFNHGIWDHILOOAWUKQWDPEWPNFSETWLHYGLPEIWBICNATGJARYMTLFRVYGRIIGBULPCOXSPDLVIWITFHFSRNNRGHQIHTFFWYFFEW","NFB","GPPX",2014-09-30T14:48:35.358-07:00,2014-09-30T14:48:35.358-07:00,"KVS","XUTABJTECRDLHSRYBQXTSFQAGDPDJNDLVGDSVUICEWRUIFPWBV","DOYUJDSTXRVAVFCNFYAXWVASULKIAAOPJBOLCTXNFBLABMIHOJ","YFCGXQXVWH","QQOHSAFVMM","IISMCTMRTM","CPLTKWABYHSOPPSWUNIKHJIJWEOHMHYQQBJUCJYNUTUVUMWENM","WMUCHMGYBH","YYBSTKWJBQ","PWABFGWMSTXSFUMEILONQKERN","CJTRDOFJEEEYGWUOIUFGQPIFQAVXJTBAXOTMQSLXIIXWXQENGE","G","OHSWGNYTSQMJGUEXIUKRXDHACUFUAFWKHRISSFUVRTHJCRPXHR","O","NPJPT","RKJFT","ICUEARPEEASGEKGECNXAEXAEXTHHOOFACQIIEHSCBOPNNIJFKM",2014-09-30T14:48:35.358-07:00,"M","LENLIJULCYDJUEUSPPKGRQUQXFUQSDVSHINDWLLLLLBEQSWTEO","VTDSAIWEMIMNMUNLUSALKQGLAYFKEQQEBRBDTPVSLETBNTBLKDENOIDGWICPLERKQYFLFFQWEYOEAVKSKPAWEKKPMKSDURRJMWOK","XXX","LHM","UHXT","U","X","H","P","G","N","Q","Q","R","U","V","DLJHERYBKTVXGPLOSUTQAHRIHQKNRHMYJHIYPYVJLELLRMRKXMTCWQNETNJPXFONDUICTLAOXEKVVHTOBSTEDFOMVJSNYCULKUSK","PFSPDONATRKMDDTUAFRUEBJIOWGPUMYVRGTTMCXLKFFNKRQVNPNKVSTOBDOVRTKVWQHBEYXRRSQKDFEPBTUPSSTKPRHXGBIRUGQI","KOFIYIEFBYGSRSWSTHREECLTOOKCHWNUMHUEORGGMQXIBYGLILPDHUJGOKBTHMILEWVFUUQTUWONRKSPPLGLWIVSSRPQKQUAPOYLUQUHLTPPJGSGXTVODKXXUYNQAPCHRKIWGQNNVEWFLVJYUQAMCXISNGGVXRMMFNVFDGKIJYYFTMLJHJNQEWTQRJWDBJJBWDAVCNDWOGATLORJIBMDPJVGVHRXMVCCGQXRNCBXXYFOYDIYTXXTOSLLXM","IGNUTJDYQQIKUFFCYNDPXYRQH","QTTWVKXXSVVPMHDCMCFLDSXMB",2014-09-30T14:48:35.358-07:00,"IGFCJXVDDAWAFDVRLASCUFMSUALVUYJMYCR",2014-09-30T14:48:35.358-07:00,2014-09-30T14:48:35.359-07:00,2014-09-30T14:48:35.359-07:00,2014-09-30T14:48:35.359-07:00,"PMIKTJABSIFNWSYKOMMJFRMMBQTMHMKDWIBARUVXVTVOCTGQVN","EVDUWNUBEJDOFWMTONXPHXHBQESIEJECBDTGCOTYBYHMYKTFAG","UCBUBBHBDTDKXDXRPTXGUSMVE","NJSGWFUNLIUKMNIJXSASMDSRE",2014-09-30T14:48:35.359-07:00
9,"YSPUCYSTNAPQQUUVOQTHRXPIVJJMCOBSTQISOAYFVNEAISHOOQMVLACIRHPLMDSUGQBGLPLJNRFFWSNGKCFHWFCKYDLNVLDEFAVEVAMAUYRUCTGHPIBMBKHOTIUIFEVRSEJAVEBKYAAEWCJBTQJDPPSCYOAKNESQANQORSUYKVUVCQCWPBLPGLQKDTNWECUXBUAVYWCCHCYOYYKJQLQQCIHDEFOEPJDEGVBXEYUHHCQLUYQYMULYVSGDXL","VDNGIQMBPLNPRYODUAQMHPVQBESXHFUYVDTGQHUEOOPDXGQQOX","SYNPFFBQJX","ANXBEFYICNLRGMFMSSPCJFSEJTAXHLVNEIEPYHAHLDXJNAMUTM","TSFWPSEQEH","BC","WXW","GVM","YFLAYWGINRPDOIRUYGMWIMLWEVRMXYXDXCBVYPAWMMRNQPADMXDSHAMXSACSMSXUXRFHRGQSSSKHHFQGTEEDNNUDWKVDRKWGCKGF","PRL","HQXA",2014-09-30T14:48:35.359-07:00,2014-09-30T14:48:35.359-07:00,"WRF","BCCAMSSRFLSGSDUHXMHLLIYSXFWOYJCYYLHDVVXFFXHGHNHNQH","VPVAFHAEASGHVDJPELLCCPAJMUVLBEXFQGSPSGREEYVQRQUEHT","QWYNKOBNDE","QHDHSNEEYO","TIWJAVIYFQ","NEAYPAWEVRQSRMDHFYBIDEIKOJAVAOSQBQGVQXTGYRDERTGIFJ","WQVWRGOMRK","OKARGQAQBP","CCKTUOSSFNNFVOEQXHPBQYJVB","DWMTMHDHGJNOELGKTJTUBWGHMGRALKOVRFYIFSIYWITTGFHMJE","N","USJROPBTKHWMSCRRWKARTOEUHCWKPCYQJKQCMNQTTJOVATFHGQ","L","NPRJE","WWIWG","YIWRGEBRMHMXTWNDFWISTBHAKJNCJHRFLXIRFRVDWOFPMFYGGW",2014-09-30T14:48:35.359-07:00,"J","MLYOAPXEIWPQOLXELVFDVGFOLFSKIQBDEXJSKCDBNHGWQSOKVN","KKSQAQQBXVXWPGXJMYGVFNXUQUFRBNWDUPQNSSADLSDPOEJNJSNRYQCVKGWLFWPMMBFNRSFEYJIIPWJUGKBVWMGUYHIOQEWFEYTS","MEC","AEC","UWGR","O","G","P","B","U","Q","J","Y","H","T","S","OCFWBGKMWMAKRPIKQBRSSGKIKGUPQYLNMIHUGWAUMUJNPBVQUGVKDEYLQYISXAESCPGMFBATQGNLMUTMSWUPISLDBJYMDMLAGEWR","OFVUCCSVDTHAHYAASRRKKQMUJXTDFWKLFESKDORYGKCLQOCJQURFCYPQDUFAGWXVUUTOBGTCMSBNDGQWTCJKMVPYKPMGHXQGAWUW","WTEMRTEANLKTMCKFAWNPYETNWDDAFCNSLEHEAVEMKPSHVIVVXTVFSNYVSYLARTYKYVJBUICECJFBYOPMQLKCGOWBHBWMGXHLHVKVOREWBRIJLYLKBCHTKBSFFECKOXYTLHVWVBEDDGHCCGWQEJTHMRQALAYYKLYLBNRQBETWOHVACPLGCUGFMBWGIIBICUQUDUBOFFKMYEYARFFPGYSIDJFBLKQTUCYPAQFEOYNEPGAVTMSQSGLYYBIQNC","CDVBDGDEIPABXESRYJQXBCBSS","FHJDJFUGSAOKUTLDRJTDJEPJL",2014-09-30T14:48:35.359-07:00,"FBRJKMTWQMJOWFXSQXLXNLXMWOQFIXFETVQ",2014-09-30T14:48:35.359-07:00,2014-09-30T14:48:35.359-07:00,2014-09-30T14:48:35.360-07:00,2014-09-30T14:48:35.360-07:00,"NFPCTYYQQXPLNWKWAKITMJALLPKGINGMMXDKJWQABAOLHDTLUA","BGWACWDDCGPBDRPMXKOYWVCUCGQWJPXWPKJIGBEVCBQFKYGFMC","FKVNAKIXJGHWHJLBUPIPVYMJI","UINEVNSFJQRWLTHLMVIAVHNHX",2014-09-30T14:48:35.360-07:00
10,"QQQTVTWONRKLKRRNMRAGXNFVQHAOPLFYRNIMVRWOTGYOAPCYLFFQHIGCIMBJICPVKXPFHNLHAPSQUNKHHIOBINEWFHMTVKMDIDDLQAHRKSGYEOOXWYASEMLNQXMWKDQLFKRHDMMQXOJMIIXPBAKNNTXHODIMOCNNPLHFJVNRJINDHPDOJTPFQUMEODYDUBLKYLDQESOPTQSKMJHSBTTOSVXAQKJWUHOEDRRKOHTBISLLEATQCLAMNSEDFD","CBLAKIRNDGGILSVMJLVGOVCMLVKQUWAOFMCFBADSYXKWARNVNW","BXXEQMVFKL","IQANSLUKWXSNHIPWOCBAEKCEQUQKXQBONRTKHBVQOCJOIYNYNA","JUMEIOSWJK","CA","CCN","AAG","EIUDBYNKUQIRXUYYDTUSXCNHBDEOPEXSEWMPPYRCPXVGFTJOPYIMJTOCHCSUODEDWEYDCOQBDPWPVGYNKWBECRSJTKPGUWQHTORQ","VVG","LTED",2014-09-30T14:48:35.360-07:00,2014-09-30T14:48:35.360-07:00,"AGF","SDBNYADSAUMLPDRNWCQLUTEXXUIRRSOOEFNOTHASVWFVRKGKWK","ARMUKEIQWHURIPICSFDYIIFLBECQVSMBPBSEHJXPRJLEYCGAVS","QLIJPTABFW","NEIOPMNIKR","BEIVCQCQNS","ARSSGDPOPCLLUHFAJJWOHVTURMATFHHFFUKPJAPVVEROUDXQNH","GUKOKNXNCD","YGPNJIEYJW","ETOFSWXKITPBSBCKDQTIJSQNQ","KFCHMXMRFCEHBCJIYRLCPLCIUFNXWEAAUKBQBDNQVCOQBMOSLC","F","YHXNYJTBOIDMYHANDHTIXUGFLSJTVRGMLSXQDBOLMBICSNIENL","G","VVWUI","LKPHY","UGSIRHDWTHJYWJAMFPEGYVQXUNBECLRDESJMCPHMCHFGUAGKDP",2014-09-30T14:48:35.360-07:00,"E","LTKQBLVFWLRBKANWLJKNXLWNXAXATCBKPJNNMEMKALUNKVGQJU","JQAYBWRTDHWTBJVFOMHUHUVXVQUQSMELAPNBYPFUIJCHOXXWVFXTMWQUJEPWNKMXDOFRQDMPJRGOHPHUTSUEEMRDRQEWJJTWSUHK","RSJ","BTS","YELT","O","T","C","D","L","C","H","V","G","L","E","NUDWMUBPHOEQASERDEDMEMRFGKREXMRVYCKWWTPAEQFVFNPRLSABGTALFUMNJMGORXMMUNGRPGMAPKKPIDSHRCKMPPXSJMTKSFFJ","AIRODQHWQOJGGEFQHTMVVOXJPWYQBMEKEFIQJVIWEHJCGEDKKKBCVEOIRMHTIKXPAEGECJLUFCOWFVCTMOUXIHYWGNQOXWVQNTQN","RWBIRNAIEGFIKLQCIFGRHLSBJONLQUNECPHACDFURQJQRLRKUOMBYOTOWOBSHUUYYYUQOULAXLAADJLLUCDIOIPNJNLLULKHQQEEEPTVEQGPJKOIKXCMCEAVSHHYDYJXWRULPHRWUSWYDRIUCDJSUWCQPBLUHKPYLTSPPCAHVIMHXWRHQJNUTVAMYGEIPRDOWOUCTIQDRMQOEYRRPGKOSBMFNODDAYKKURILCRUBTVGTPMNSMAXSSFFWNC","AFRYKKVNCRONCXGNGCJEYEEFA","DPBDUWEXPXLRXYCSIQKLKNOPN",2014-09-30T14:48:35.360-07:00,"OYJKIJRXUMUFYYTNHVYYNPKAMVRVCQYAPKA",2014-09-30T14:48:35.360-07:00,2014-09-30T14:48:35.360-07:00,2014-09-30T14:48:35.360-07:00,2014-09-30T14:48:35.360-07:00,"PDJEKLDNFBQJJFRVPAUIODUVKMGLPBNMGKNHCHHOKKHKXNHITQ","TCFKCAFQTUNUXHSKFXWJKPXDIUSHRPEYQLUPBTQTSWIWUFWTFI","BDDLBIBDBFBXEBRJOJDCPLHBK","BHALYMYCRVIPLUIXLVUKBSNNY",2014-09-30T14:48:35.360-07:00
